feeder_id,hour,predicted_load_p95_kw,capacity_pct,rated_capacity_kva,status,users_delay_2h,site_addition_effect_pct,combined_effect_pct,counterfactual_text
DT-200,3,66.34035889672968,105.30215697893601,63,CRITICAL,10.0,8,18,"To move from CRITICAL to HIGH: delay 10 users by 2h, or add nearest vetted public site (~8% relief), or combine both (~18% relief)."
DT-200,7,63.97797189991894,101.55233634907768,63,CRITICAL,10.0,8,18,"To move from CRITICAL to HIGH: delay 10 users by 2h, or add nearest vetted public site (~8% relief), or combine both (~18% relief)."
DT-200,8,68.15063905008967,108.17561753982487,63,CRITICAL,11.0,8,18,"To move from CRITICAL to HIGH: delay 11 users by 2h, or add nearest vetted public site (~8% relief), or combine both (~18% relief)."
DT-200,9,64.97224414781758,103.1305462663771,63,CRITICAL,10.0,8,18,"To move from CRITICAL to HIGH: delay 10 users by 2h, or add nearest vetted public site (~8% relief), or combine both (~18% relief)."
DT-200,12,63.99433134316673,101.57830371931227,63,CRITICAL,10.0,8,18,"To move from CRITICAL to HIGH: delay 10 users by 2h, or add nearest vetted public site (~8% relief), or combine both (~18% relief)."
DT-200,14,67.17543723889156,106.62767815697073,63,CRITICAL,10.0,8,18,"To move from CRITICAL to HIGH: delay 10 users by 2h, or add nearest vetted public site (~8% relief), or combine both (~18% relief)."
DT-200,22,113.70428143997822,180.48298641266385,63,CRITICAL,51.0,8,18,"To move from CRITICAL to HIGH: delay 51 users by 2h, or add nearest vetted public site (~8% relief), or combine both (~18% relief)."
DT-201,12,161.75656817774316,100.46991812282184,161,CRITICAL,10.0,8,18,"To move from CRITICAL to HIGH: delay 10 users by 2h, or add nearest vetted public site (~8% relief), or combine both (~18% relief)."
DT-201,15,161.44743401697528,100.27790932731384,161,CRITICAL,10.0,8,18,"To move from CRITICAL to HIGH: delay 10 users by 2h, or add nearest vetted public site (~8% relief), or combine both (~18% relief)."
DT-206,22,136.8077671018973,114.9645101696616,119,CRITICAL,14.0,8,18,"To move from CRITICAL to HIGH: delay 14 users by 2h, or add nearest vetted public site (~8% relief), or combine both (~18% relief)."
DT-208,12,87.1710902416402,101.3617328391165,86,CRITICAL,10.0,8,18,"To move from CRITICAL to HIGH: delay 10 users by 2h, or add nearest vetted public site (~8% relief), or combine both (~18% relief)."
DT-208,22,129.0794559309716,150.09239061740882,86,CRITICAL,34.0,8,18,"To move from CRITICAL to HIGH: delay 34 users by 2h, or add nearest vetted public site (~8% relief), or combine both (~18% relief)."
DT-209,8,126.61725847016112,104.64236237203399,121,CRITICAL,10.0,8,18,"To move from CRITICAL to HIGH: delay 10 users by 2h, or add nearest vetted public site (~8% relief), or combine both (~18% relief)."
DT-209,18,128.09832592886042,105.8663850651739,121,CRITICAL,10.0,8,18,"To move from CRITICAL to HIGH: delay 10 users by 2h, or add nearest vetted public site (~8% relief), or combine both (~18% relief)."
DT-209,19,137.1792247796343,113.37126014845809,121,CRITICAL,13.0,8,18,"To move from CRITICAL to HIGH: delay 13 users by 2h, or add nearest vetted public site (~8% relief), or combine both (~18% relief)."
DT-209,20,129.354858007149,106.90484132822233,121,CRITICAL,10.0,8,18,"To move from CRITICAL to HIGH: delay 10 users by 2h, or add nearest vetted public site (~8% relief), or combine both (~18% relief)."
DT-209,22,142.48390949594742,117.75529710408877,121,CRITICAL,16.0,8,18,"To move from CRITICAL to HIGH: delay 16 users by 2h, or add nearest vetted public site (~8% relief), or combine both (~18% relief)."
DT-210,8,129.29847681617386,111.46420415187401,116,CRITICAL,12.0,8,18,"To move from CRITICAL to HIGH: delay 12 users by 2h, or add nearest vetted public site (~8% relief), or combine both (~18% relief)."
DT-210,22,133.95104426285639,115.47503815763481,116,CRITICAL,15.0,8,18,"To move from CRITICAL to HIGH: delay 15 users by 2h, or add nearest vetted public site (~8% relief), or combine both (~18% relief)."
DT-211,6,68.5102282014152,108.74639397050032,63,CRITICAL,11.0,8,18,"To move from CRITICAL to HIGH: delay 11 users by 2h, or add nearest vetted public site (~8% relief), or combine both (~18% relief)."
DT-211,7,71.39353219849407,113.32306698173662,63,CRITICAL,13.0,8,18,"To move from CRITICAL to HIGH: delay 13 users by 2h, or add nearest vetted public site (~8% relief), or combine both (~18% relief)."
DT-211,10,64.88840558393629,102.99746918085125,63,CRITICAL,10.0,8,18,"To move from CRITICAL to HIGH: delay 10 users by 2h, or add nearest vetted public site (~8% relief), or combine both (~18% relief)."
DT-211,11,69.77591705571919,110.75542389796698,63,CRITICAL,12.0,8,18,"To move from CRITICAL to HIGH: delay 12 users by 2h, or add nearest vetted public site (~8% relief), or combine both (~18% relief)."
DT-211,14,66.73882044016914,105.9346356193161,63,CRITICAL,10.0,8,18,"To move from CRITICAL to HIGH: delay 10 users by 2h, or add nearest vetted public site (~8% relief), or combine both (~18% relief)."
DT-211,16,65.61339442733534,104.1482451227545,63,CRITICAL,10.0,8,18,"To move from CRITICAL to HIGH: delay 10 users by 2h, or add nearest vetted public site (~8% relief), or combine both (~18% relief)."
DT-211,22,126.269029585911,200.4270310887476,63,CRITICAL,62.0,8,18,"To move from CRITICAL to HIGH: delay 62 users by 2h, or add nearest vetted public site (~8% relief), or combine both (~18% relief)."
DT-211,23,63.15846616101107,100.25153358890647,63,CRITICAL,10.0,8,18,"To move from CRITICAL to HIGH: delay 10 users by 2h, or add nearest vetted public site (~8% relief), or combine both (~18% relief)."
DT-213,3,74.4529488195476,107.90282437615595,69,CRITICAL,10.0,8,18,"To move from CRITICAL to HIGH: delay 10 users by 2h, or add nearest vetted public site (~8% relief), or combine both (~18% relief)."
DT-213,4,73.48518825106632,106.50027282763234,69,CRITICAL,10.0,8,18,"To move from CRITICAL to HIGH: delay 10 users by 2h, or add nearest vetted public site (~8% relief), or combine both (~18% relief)."
DT-213,6,75.00247715871846,108.69924225901227,69,CRITICAL,11.0,8,18,"To move from CRITICAL to HIGH: delay 11 users by 2h, or add nearest vetted public site (~8% relief), or combine both (~18% relief)."
DT-213,7,76.24242407556885,110.49626677618674,69,CRITICAL,12.0,8,18,"To move from CRITICAL to HIGH: delay 12 users by 2h, or add nearest vetted public site (~8% relief), or combine both (~18% relief)."
DT-213,8,73.51785361531414,106.54761393523788,69,CRITICAL,10.0,8,18,"To move from CRITICAL to HIGH: delay 10 users by 2h, or add nearest vetted public site (~8% relief), or combine both (~18% relief)."
DT-213,11,70.63021210812767,102.36262624366327,69,CRITICAL,10.0,8,18,"To move from CRITICAL to HIGH: delay 10 users by 2h, or add nearest vetted public site (~8% relief), or combine both (~18% relief)."
DT-213,13,75.86135176615889,109.94398806689694,69,CRITICAL,12.0,8,18,"To move from CRITICAL to HIGH: delay 12 users by 2h, or add nearest vetted public site (~8% relief), or combine both (~18% relief)."
DT-213,14,71.23583640283579,103.24034261280549,69,CRITICAL,10.0,8,18,"To move from CRITICAL to HIGH: delay 10 users by 2h, or add nearest vetted public site (~8% relief), or combine both (~18% relief)."
DT-213,15,71.5102988729345,103.63811430860072,69,CRITICAL,10.0,8,18,"To move from CRITICAL to HIGH: delay 10 users by 2h, or add nearest vetted public site (~8% relief), or combine both (~18% relief)."
DT-213,18,70.567150077238,102.2712319959971,69,CRITICAL,10.0,8,18,"To move from CRITICAL to HIGH: delay 10 users by 2h, or add nearest vetted public site (~8% relief), or combine both (~18% relief)."
DT-213,19,71.49512264641795,103.61611977741732,69,CRITICAL,10.0,8,18,"To move from CRITICAL to HIGH: delay 10 users by 2h, or add nearest vetted public site (~8% relief), or combine both (~18% relief)."
DT-213,20,74.75901657870682,108.34640083870553,69,CRITICAL,11.0,8,18,"To move from CRITICAL to HIGH: delay 11 users by 2h, or add nearest vetted public site (~8% relief), or combine both (~18% relief)."
DT-213,21,71.53407582761238,103.67257366320636,69,CRITICAL,10.0,8,18,"To move from CRITICAL to HIGH: delay 10 users by 2h, or add nearest vetted public site (~8% relief), or combine both (~18% relief)."
DT-213,22,127.63915197839489,184.98427822955782,69,CRITICAL,53.0,8,18,"To move from CRITICAL to HIGH: delay 53 users by 2h, or add nearest vetted public site (~8% relief), or combine both (~18% relief)."
DT-214,22,133.03900745904537,133.03900745904537,100,CRITICAL,24.0,8,18,"To move from CRITICAL to HIGH: delay 24 users by 2h, or add nearest vetted public site (~8% relief), or combine both (~18% relief)."
DT-216,22,144.53336469212087,102.50593240575948,141,CRITICAL,10.0,8,18,"To move from CRITICAL to HIGH: delay 10 users by 2h, or add nearest vetted public site (~8% relief), or combine both (~18% relief)."
DT-217,2,120.6212201598727,101.36236988224597,119,CRITICAL,10.0,8,18,"To move from CRITICAL to HIGH: delay 10 users by 2h, or add nearest vetted public site (~8% relief), or combine both (~18% relief)."
DT-217,8,127.38174824855477,107.04348592315527,119,CRITICAL,10.0,8,18,"To move from CRITICAL to HIGH: delay 10 users by 2h, or add nearest vetted public site (~8% relief), or combine both (~18% relief)."
DT-217,12,119.81004068579068,100.68070645864763,119,CRITICAL,10.0,8,18,"To move from CRITICAL to HIGH: delay 10 users by 2h, or add nearest vetted public site (~8% relief), or combine both (~18% relief)."
DT-217,13,123.28492641280434,103.60077849815491,119,CRITICAL,10.0,8,18,"To move from CRITICAL to HIGH: delay 10 users by 2h, or add nearest vetted public site (~8% relief), or combine both (~18% relief)."
DT-217,15,120.27947832065652,101.07519186609792,119,CRITICAL,10.0,8,18,"To move from CRITICAL to HIGH: delay 10 users by 2h, or add nearest vetted public site (~8% relief), or combine both (~18% relief)."
DT-217,22,135.87587572320382,114.18140817075951,119,CRITICAL,14.0,8,18,"To move from CRITICAL to HIGH: delay 14 users by 2h, or add nearest vetted public site (~8% relief), or combine both (~18% relief)."
DT-217,23,122.74708674419807,103.14881239008241,119,CRITICAL,10.0,8,18,"To move from CRITICAL to HIGH: delay 10 users by 2h, or add nearest vetted public site (~8% relief), or combine both (~18% relief)."
DT-218,1,63.267442113704284,103.71711821918736,61,CRITICAL,10.0,8,18,"To move from CRITICAL to HIGH: delay 10 users by 2h, or add nearest vetted public site (~8% relief), or combine both (~18% relief)."
DT-218,2,61.824849426933426,101.35221217530069,61,CRITICAL,10.0,8,18,"To move from CRITICAL to HIGH: delay 10 users by 2h, or add nearest vetted public site (~8% relief), or combine both (~18% relief)."
DT-218,4,63.86874844288562,104.70286629981248,61,CRITICAL,10.0,8,18,"To move from CRITICAL to HIGH: delay 10 users by 2h, or add nearest vetted public site (~8% relief), or combine both (~18% relief)."
DT-218,5,62.66287162112252,102.72601905102053,61,CRITICAL,10.0,8,18,"To move from CRITICAL to HIGH: delay 10 users by 2h, or add nearest vetted public site (~8% relief), or combine both (~18% relief)."
DT-218,6,64.09602942476656,105.0754580733878,61,CRITICAL,10.0,8,18,"To move from CRITICAL to HIGH: delay 10 users by 2h, or add nearest vetted public site (~8% relief), or combine both (~18% relief)."
DT-218,7,66.42459503769047,108.89277875031225,61,CRITICAL,11.0,8,18,"To move from CRITICAL to HIGH: delay 11 users by 2h, or add nearest vetted public site (~8% relief), or combine both (~18% relief)."
DT-218,8,76.68537990613557,125.71373755104192,61,CRITICAL,20.0,8,18,"To move from CRITICAL to HIGH: delay 20 users by 2h, or add nearest vetted public site (~8% relief), or combine both (~18% relief)."
DT-218,9,64.48386613586585,105.71125596043584,61,CRITICAL,10.0,8,18,"To move from CRITICAL to HIGH: delay 10 users by 2h, or add nearest vetted public site (~8% relief), or combine both (~18% relief)."
DT-218,10,64.44650075286565,105.65000123420599,61,CRITICAL,10.0,8,18,"To move from CRITICAL to HIGH: delay 10 users by 2h, or add nearest vetted public site (~8% relief), or combine both (~18% relief)."
DT-218,11,71.38334501410175,117.02187707229795,61,CRITICAL,16.0,8,18,"To move from CRITICAL to HIGH: delay 16 users by 2h, or add nearest vetted public site (~8% relief), or combine both (~18% relief)."
DT-218,12,68.74266237015871,112.69288913140772,61,CRITICAL,13.0,8,18,"To move from CRITICAL to HIGH: delay 13 users by 2h, or add nearest vetted public site (~8% relief), or combine both (~18% relief)."
DT-218,13,65.09221813073822,106.7085543126856,61,CRITICAL,10.0,8,18,"To move from CRITICAL to HIGH: delay 10 users by 2h, or add nearest vetted public site (~8% relief), or combine both (~18% relief)."
DT-218,14,76.10071925154921,124.75527746155608,61,CRITICAL,20.0,8,18,"To move from CRITICAL to HIGH: delay 20 users by 2h, or add nearest vetted public site (~8% relief), or combine both (~18% relief)."
DT-218,16,62.30963178135389,102.14693734648179,61,CRITICAL,10.0,8,18,"To move from CRITICAL to HIGH: delay 10 users by 2h, or add nearest vetted public site (~8% relief), or combine both (~18% relief)."
DT-218,17,65.22126880123936,106.92011278891698,61,CRITICAL,10.0,8,18,"To move from CRITICAL to HIGH: delay 10 users by 2h, or add nearest vetted public site (~8% relief), or combine both (~18% relief)."
DT-218,18,66.18036386623004,108.49239978070497,61,CRITICAL,11.0,8,18,"To move from CRITICAL to HIGH: delay 11 users by 2h, or add nearest vetted public site (~8% relief), or combine both (~18% relief)."
DT-218,19,66.25115139704718,108.6084449131921,61,CRITICAL,11.0,8,18,"To move from CRITICAL to HIGH: delay 11 users by 2h, or add nearest vetted public site (~8% relief), or combine both (~18% relief)."
DT-218,20,66.34488241432697,108.76210231856881,61,CRITICAL,11.0,8,18,"To move from CRITICAL to HIGH: delay 11 users by 2h, or add nearest vetted public site (~8% relief), or combine both (~18% relief)."
DT-218,21,61.722312223014015,101.18411839838363,61,CRITICAL,10.0,8,18,"To move from CRITICAL to HIGH: delay 10 users by 2h, or add nearest vetted public site (~8% relief), or combine both (~18% relief)."
DT-218,22,121.30475803943398,198.86025908103932,61,CRITICAL,61.0,8,18,"To move from CRITICAL to HIGH: delay 61 users by 2h, or add nearest vetted public site (~8% relief), or combine both (~18% relief)."
DT-218,23,63.86187292021278,104.6915949511685,61,CRITICAL,10.0,8,18,"To move from CRITICAL to HIGH: delay 10 users by 2h, or add nearest vetted public site (~8% relief), or combine both (~18% relief)."
DT-219,7,132.88803986320116,100.67275747212209,132,CRITICAL,10.0,8,18,"To move from CRITICAL to HIGH: delay 10 users by 2h, or add nearest vetted public site (~8% relief), or combine both (~18% relief)."
DT-219,9,138.66038145642585,105.04574352759535,132,CRITICAL,10.0,8,18,"To move from CRITICAL to HIGH: delay 10 users by 2h, or add nearest vetted public site (~8% relief), or combine both (~18% relief)."
DT-219,22,132.92100372175693,100.6977300922401,132,CRITICAL,10.0,8,18,"To move from CRITICAL to HIGH: delay 10 users by 2h, or add nearest vetted public site (~8% relief), or combine both (~18% relief)."
DT-220,5,75.81018734854572,106.7749117585151,71,CRITICAL,10.0,8,18,"To move from CRITICAL to HIGH: delay 10 users by 2h, or add nearest vetted public site (~8% relief), or combine both (~18% relief)."
DT-220,6,71.58564920580031,100.82485803633847,71,CRITICAL,10.0,8,18,"To move from CRITICAL to HIGH: delay 10 users by 2h, or add nearest vetted public site (~8% relief), or combine both (~18% relief)."
DT-220,7,72.77187338808686,102.4955963212491,71,CRITICAL,10.0,8,18,"To move from CRITICAL to HIGH: delay 10 users by 2h, or add nearest vetted public site (~8% relief), or combine both (~18% relief)."
DT-220,8,90.58047294541663,127.5781309090375,71,CRITICAL,21.0,8,18,"To move from CRITICAL to HIGH: delay 21 users by 2h, or add nearest vetted public site (~8% relief), or combine both (~18% relief)."
DT-220,9,79.43583475569358,111.88145740238532,71,CRITICAL,13.0,8,18,"To move from CRITICAL to HIGH: delay 13 users by 2h, or add nearest vetted public site (~8% relief), or combine both (~18% relief)."
DT-220,12,71.04859961461625,100.06845016143134,71,CRITICAL,10.0,8,18,"To move from CRITICAL to HIGH: delay 10 users by 2h, or add nearest vetted public site (~8% relief), or combine both (~18% relief)."
DT-220,13,74.66751958265176,105.16552053894615,71,CRITICAL,10.0,8,18,"To move from CRITICAL to HIGH: delay 10 users by 2h, or add nearest vetted public site (~8% relief), or combine both (~18% relief)."
DT-220,14,71.06618115307765,100.09321289165867,71,CRITICAL,10.0,8,18,"To move from CRITICAL to HIGH: delay 10 users by 2h, or add nearest vetted public site (~8% relief), or combine both (~18% relief)."
DT-220,16,79.27506256108755,111.65501769167261,71,CRITICAL,13.0,8,18,"To move from CRITICAL to HIGH: delay 13 users by 2h, or add nearest vetted public site (~8% relief), or combine both (~18% relief)."
DT-220,22,120.13849141188115,169.2091428336354,71,CRITICAL,45.0,8,18,"To move from CRITICAL to HIGH: delay 45 users by 2h, or add nearest vetted public site (~8% relief), or combine both (~18% relief)."
DT-220,23,76.1684887038225,107.27956155467959,71,CRITICAL,10.0,8,18,"To move from CRITICAL to HIGH: delay 10 users by 2h, or add nearest vetted public site (~8% relief), or combine both (~18% relief)."
DT-221,15,79.01443571523149,101.30055860927114,78,CRITICAL,10.0,8,18,"To move from CRITICAL to HIGH: delay 10 users by 2h, or add nearest vetted public site (~8% relief), or combine both (~18% relief)."
DT-221,16,81.11909589304156,103.99884088851482,78,CRITICAL,10.0,8,18,"To move from CRITICAL to HIGH: delay 10 users by 2h, or add nearest vetted public site (~8% relief), or combine both (~18% relief)."
DT-221,18,79.02566255487181,101.31495199342541,78,CRITICAL,10.0,8,18,"To move from CRITICAL to HIGH: delay 10 users by 2h, or add nearest vetted public site (~8% relief), or combine both (~18% relief)."
DT-221,22,123.41573538334546,158.22530177351982,78,CRITICAL,38.0,8,18,"To move from CRITICAL to HIGH: delay 38 users by 2h, or add nearest vetted public site (~8% relief), or combine both (~18% relief)."
DT-223,22,132.19547008158497,110.16289173465414,120,CRITICAL,12.0,8,18,"To move from CRITICAL to HIGH: delay 12 users by 2h, or add nearest vetted public site (~8% relief), or combine both (~18% relief)."
DT-224,22,136.2419434552589,104.00148355363275,131,CRITICAL,10.0,8,18,"To move from CRITICAL to HIGH: delay 10 users by 2h, or add nearest vetted public site (~8% relief), or combine both (~18% relief)."
DT-225,1,105.0912843012294,101.04931182810517,104,CRITICAL,10.0,8,18,"To move from CRITICAL to HIGH: delay 10 users by 2h, or add nearest vetted public site (~8% relief), or combine both (~18% relief)."
DT-225,7,109.59103627944637,105.3759964225446,104,CRITICAL,10.0,8,18,"To move from CRITICAL to HIGH: delay 10 users by 2h, or add nearest vetted public site (~8% relief), or combine both (~18% relief)."
DT-225,8,115.63885354794255,111.19120533456014,104,CRITICAL,12.0,8,18,"To move from CRITICAL to HIGH: delay 12 users by 2h, or add nearest vetted public site (~8% relief), or combine both (~18% relief)."
DT-225,11,104.41171324384369,100.39587811908048,104,CRITICAL,10.0,8,18,"To move from CRITICAL to HIGH: delay 10 users by 2h, or add nearest vetted public site (~8% relief), or combine both (~18% relief)."
DT-225,12,109.74450184697567,105.52355946824584,104,CRITICAL,10.0,8,18,"To move from CRITICAL to HIGH: delay 10 users by 2h, or add nearest vetted public site (~8% relief), or combine both (~18% relief)."
DT-225,13,106.15464214990055,102.0717712979813,104,CRITICAL,10.0,8,18,"To move from CRITICAL to HIGH: delay 10 users by 2h, or add nearest vetted public site (~8% relief), or combine both (~18% relief)."
DT-225,15,106.81710588686948,102.70875566045143,104,CRITICAL,10.0,8,18,"To move from CRITICAL to HIGH: delay 10 users by 2h, or add nearest vetted public site (~8% relief), or combine both (~18% relief)."
DT-225,18,108.36067294177627,104.19295475170794,104,CRITICAL,10.0,8,18,"To move from CRITICAL to HIGH: delay 10 users by 2h, or add nearest vetted public site (~8% relief), or combine both (~18% relief)."
DT-225,19,110.05201175022,105.81924206751924,104,CRITICAL,10.0,8,18,"To move from CRITICAL to HIGH: delay 10 users by 2h, or add nearest vetted public site (~8% relief), or combine both (~18% relief)."
DT-225,20,108.3067964148886,104.14115039893134,104,CRITICAL,10.0,8,18,"To move from CRITICAL to HIGH: delay 10 users by 2h, or add nearest vetted public site (~8% relief), or combine both (~18% relief)."
DT-225,21,107.03012045396063,102.91357735957753,104,CRITICAL,10.0,8,18,"To move from CRITICAL to HIGH: delay 10 users by 2h, or add nearest vetted public site (~8% relief), or combine both (~18% relief)."
DT-225,22,131.99223876157316,126.91561419382036,104,CRITICAL,21.0,8,18,"To move from CRITICAL to HIGH: delay 21 users by 2h, or add nearest vetted public site (~8% relief), or combine both (~18% relief)."
DT-226,1,67.76480629089724,101.1415019267123,67,CRITICAL,10.0,8,18,"To move from CRITICAL to HIGH: delay 10 users by 2h, or add nearest vetted public site (~8% relief), or combine both (~18% relief)."
DT-226,2,80.29137373819927,119.8378712510437,67,CRITICAL,17.0,8,18,"To move from CRITICAL to HIGH: delay 17 users by 2h, or add nearest vetted public site (~8% relief), or combine both (~18% relief)."
DT-226,3,68.19179282322007,101.77879525853741,67,CRITICAL,10.0,8,18,"To move from CRITICAL to HIGH: delay 10 users by 2h, or add nearest vetted public site (~8% relief), or combine both (~18% relief)."
DT-226,6,73.81604766848625,110.1732054753526,67,CRITICAL,12.0,8,18,"To move from CRITICAL to HIGH: delay 12 users by 2h, or add nearest vetted public site (~8% relief), or combine both (~18% relief)."
DT-226,7,69.8644619334622,104.27531631860029,67,CRITICAL,10.0,8,18,"To move from CRITICAL to HIGH: delay 10 users by 2h, or add nearest vetted public site (~8% relief), or combine both (~18% relief)."
DT-226,8,72.62141528771888,108.3901720712222,67,CRITICAL,11.0,8,18,"To move from CRITICAL to HIGH: delay 11 users by 2h, or add nearest vetted public site (~8% relief), or combine both (~18% relief)."
DT-226,9,74.23955758672437,110.8053098309319,67,CRITICAL,12.0,8,18,"To move from CRITICAL to HIGH: delay 12 users by 2h, or add nearest vetted public site (~8% relief), or combine both (~18% relief)."
DT-226,10,76.07190453383744,113.5401560206529,67,CRITICAL,14.0,8,18,"To move from CRITICAL to HIGH: delay 14 users by 2h, or add nearest vetted public site (~8% relief), or combine both (~18% relief)."
DT-226,12,73.95828539046181,110.38550058277882,67,CRITICAL,12.0,8,18,"To move from CRITICAL to HIGH: delay 12 users by 2h, or add nearest vetted public site (~8% relief), or combine both (~18% relief)."
DT-226,13,67.04597658546834,100.06862176935573,67,CRITICAL,10.0,8,18,"To move from CRITICAL to HIGH: delay 10 users by 2h, or add nearest vetted public site (~8% relief), or combine both (~18% relief)."
DT-226,15,69.85177107704305,104.2563747418553,67,CRITICAL,10.0,8,18,"To move from CRITICAL to HIGH: delay 10 users by 2h, or add nearest vetted public site (~8% relief), or combine both (~18% relief)."
DT-226,22,125.82391752009647,187.7968918210395,67,CRITICAL,55.0,8,18,"To move from CRITICAL to HIGH: delay 55 users by 2h, or add nearest vetted public site (~8% relief), or combine both (~18% relief)."
DT-229,22,125.2456170365538,162.6566455020179,77,CRITICAL,41.0,8,18,"To move from CRITICAL to HIGH: delay 41 users by 2h, or add nearest vetted public site (~8% relief), or combine both (~18% relief)."
DT-231,22,129.73193746584337,116.87561933859763,111,CRITICAL,15.0,8,18,"To move from CRITICAL to HIGH: delay 15 users by 2h, or add nearest vetted public site (~8% relief), or combine both (~18% relief)."
DT-232,0,57.22036761748845,105.96364373608971,54,CRITICAL,10.0,8,18,"To move from CRITICAL to HIGH: delay 10 users by 2h, or add nearest vetted public site (~8% relief), or combine both (~18% relief)."
DT-232,1,58.741887874240824,108.7812738411867,54,CRITICAL,11.0,8,18,"To move from CRITICAL to HIGH: delay 11 users by 2h, or add nearest vetted public site (~8% relief), or combine both (~18% relief)."
DT-232,2,59.09786146313115,109.44048419098363,54,CRITICAL,11.0,8,18,"To move from CRITICAL to HIGH: delay 11 users by 2h, or add nearest vetted public site (~8% relief), or combine both (~18% relief)."
DT-232,3,57.372320585135455,106.24503812062122,54,CRITICAL,10.0,8,18,"To move from CRITICAL to HIGH: delay 10 users by 2h, or add nearest vetted public site (~8% relief), or combine both (~18% relief)."
DT-232,4,56.44624982469047,104.5300922679453,54,CRITICAL,10.0,8,18,"To move from CRITICAL to HIGH: delay 10 users by 2h, or add nearest vetted public site (~8% relief), or combine both (~18% relief)."
DT-232,5,58.140792791820395,107.6681347996674,54,CRITICAL,10.0,8,18,"To move from CRITICAL to HIGH: delay 10 users by 2h, or add nearest vetted public site (~8% relief), or combine both (~18% relief)."
DT-232,6,57.155106735796714,105.8427902514754,54,CRITICAL,10.0,8,18,"To move from CRITICAL to HIGH: delay 10 users by 2h, or add nearest vetted public site (~8% relief), or combine both (~18% relief)."
DT-232,7,59.81864160327052,110.77526222827873,54,CRITICAL,12.0,8,18,"To move from CRITICAL to HIGH: delay 12 users by 2h, or add nearest vetted public site (~8% relief), or combine both (~18% relief)."
DT-232,8,62.787306626942176,116.27279004989292,54,CRITICAL,15.0,8,18,"To move from CRITICAL to HIGH: delay 15 users by 2h, or add nearest vetted public site (~8% relief), or combine both (~18% relief)."
DT-232,9,62.200838252767596,115.18673750512518,54,CRITICAL,14.0,8,18,"To move from CRITICAL to HIGH: delay 14 users by 2h, or add nearest vetted public site (~8% relief), or combine both (~18% relief)."
DT-232,10,65.0744501500612,120.50824101863184,54,CRITICAL,17.0,8,18,"To move from CRITICAL to HIGH: delay 17 users by 2h, or add nearest vetted public site (~8% relief), or combine both (~18% relief)."
DT-232,11,63.25755996515627,117.1436295651042,54,CRITICAL,16.0,8,18,"To move from CRITICAL to HIGH: delay 16 users by 2h, or add nearest vetted public site (~8% relief), or combine both (~18% relief)."
DT-232,12,60.62381075095694,112.26631620547583,54,CRITICAL,13.0,8,18,"To move from CRITICAL to HIGH: delay 13 users by 2h, or add nearest vetted public site (~8% relief), or combine both (~18% relief)."
DT-232,13,67.15299454687889,124.35739730903498,54,CRITICAL,20.0,8,18,"To move from CRITICAL to HIGH: delay 20 users by 2h, or add nearest vetted public site (~8% relief), or combine both (~18% relief)."
DT-232,14,60.41443832164519,111.87858948452813,54,CRITICAL,13.0,8,18,"To move from CRITICAL to HIGH: delay 13 users by 2h, or add nearest vetted public site (~8% relief), or combine both (~18% relief)."
DT-232,15,60.960304054958115,112.88945195362614,54,CRITICAL,13.0,8,18,"To move from CRITICAL to HIGH: delay 13 users by 2h, or add nearest vetted public site (~8% relief), or combine both (~18% relief)."
DT-232,16,63.24331264427572,117.11724563754763,54,CRITICAL,16.0,8,18,"To move from CRITICAL to HIGH: delay 16 users by 2h, or add nearest vetted public site (~8% relief), or combine both (~18% relief)."
DT-232,17,60.53089084209697,112.09424230017957,54,CRITICAL,13.0,8,18,"To move from CRITICAL to HIGH: delay 13 users by 2h, or add nearest vetted public site (~8% relief), or combine both (~18% relief)."
DT-232,18,62.16401376302691,115.11854400560539,54,CRITICAL,14.0,8,18,"To move from CRITICAL to HIGH: delay 14 users by 2h, or add nearest vetted public site (~8% relief), or combine both (~18% relief)."
DT-232,19,56.229654352014514,104.12898954076762,54,CRITICAL,10.0,8,18,"To move from CRITICAL to HIGH: delay 10 users by 2h, or add nearest vetted public site (~8% relief), or combine both (~18% relief)."
DT-232,20,57.071730642905095,105.68839007945388,54,CRITICAL,10.0,8,18,"To move from CRITICAL to HIGH: delay 10 users by 2h, or add nearest vetted public site (~8% relief), or combine both (~18% relief)."
DT-232,22,107.35196988892821,198.79994423875596,54,CRITICAL,61.0,8,18,"To move from CRITICAL to HIGH: delay 61 users by 2h, or add nearest vetted public site (~8% relief), or combine both (~18% relief)."
DT-232,23,58.31650270271183,107.99352352354043,54,CRITICAL,10.0,8,18,"To move from CRITICAL to HIGH: delay 10 users by 2h, or add nearest vetted public site (~8% relief), or combine both (~18% relief)."
DT-233,0,58.77992454669449,104.96415097624016,56,CRITICAL,10.0,8,18,"To move from CRITICAL to HIGH: delay 10 users by 2h, or add nearest vetted public site (~8% relief), or combine both (~18% relief)."
DT-233,1,58.93963991773022,105.24935699594683,56,CRITICAL,10.0,8,18,"To move from CRITICAL to HIGH: delay 10 users by 2h, or add nearest vetted public site (~8% relief), or combine both (~18% relief)."
DT-233,2,56.6021677843576,101.07529961492428,56,CRITICAL,10.0,8,18,"To move from CRITICAL to HIGH: delay 10 users by 2h, or add nearest vetted public site (~8% relief), or combine both (~18% relief)."
DT-233,9,58.372055748993965,104.23581383748922,56,CRITICAL,10.0,8,18,"To move from CRITICAL to HIGH: delay 10 users by 2h, or add nearest vetted public site (~8% relief), or combine both (~18% relief)."
DT-233,12,58.167999604084834,103.87142786443721,56,CRITICAL,10.0,8,18,"To move from CRITICAL to HIGH: delay 10 users by 2h, or add nearest vetted public site (~8% relief), or combine both (~18% relief)."
DT-233,13,59.171314527255795,105.66306165581393,56,CRITICAL,10.0,8,18,"To move from CRITICAL to HIGH: delay 10 users by 2h, or add nearest vetted public site (~8% relief), or combine both (~18% relief)."
DT-233,14,59.95095093797265,107.05526953209402,56,CRITICAL,10.0,8,18,"To move from CRITICAL to HIGH: delay 10 users by 2h, or add nearest vetted public site (~8% relief), or combine both (~18% relief)."
DT-233,16,58.883738270263464,105.14953262547047,56,CRITICAL,10.0,8,18,"To move from CRITICAL to HIGH: delay 10 users by 2h, or add nearest vetted public site (~8% relief), or combine both (~18% relief)."
DT-233,18,58.729570693153164,104.87423338063066,56,CRITICAL,10.0,8,18,"To move from CRITICAL to HIGH: delay 10 users by 2h, or add nearest vetted public site (~8% relief), or combine both (~18% relief)."
DT-233,19,57.64392461458989,102.93557966891053,56,CRITICAL,10.0,8,18,"To move from CRITICAL to HIGH: delay 10 users by 2h, or add nearest vetted public site (~8% relief), or combine both (~18% relief)."
DT-233,20,63.89726337516755,114.1022560270849,56,CRITICAL,14.0,8,18,"To move from CRITICAL to HIGH: delay 14 users by 2h, or add nearest vetted public site (~8% relief), or combine both (~18% relief)."
DT-233,22,111.37930974997988,198.89162455353548,56,CRITICAL,61.0,8,18,"To move from CRITICAL to HIGH: delay 61 users by 2h, or add nearest vetted public site (~8% relief), or combine both (~18% relief)."
DT-233,23,57.15833252222773,102.06845093254951,56,CRITICAL,10.0,8,18,"To move from CRITICAL to HIGH: delay 10 users by 2h, or add nearest vetted public site (~8% relief), or combine both (~18% relief)."
DT-237,5,128.02894025621663,101.61027004461637,126,CRITICAL,10.0,8,18,"To move from CRITICAL to HIGH: delay 10 users by 2h, or add nearest vetted public site (~8% relief), or combine both (~18% relief)."
DT-237,7,138.5124459752254,109.93051267875032,126,CRITICAL,12.0,8,18,"To move from CRITICAL to HIGH: delay 12 users by 2h, or add nearest vetted public site (~8% relief), or combine both (~18% relief)."
DT-237,8,139.68420093626048,110.86047693354006,126,CRITICAL,12.0,8,18,"To move from CRITICAL to HIGH: delay 12 users by 2h, or add nearest vetted public site (~8% relief), or combine both (~18% relief)."
DT-237,9,127.11310021617285,100.88341286997846,126,CRITICAL,10.0,8,18,"To move from CRITICAL to HIGH: delay 10 users by 2h, or add nearest vetted public site (~8% relief), or combine both (~18% relief)."
DT-237,12,139.68729102505986,110.86292938496814,126,CRITICAL,12.0,8,18,"To move from CRITICAL to HIGH: delay 12 users by 2h, or add nearest vetted public site (~8% relief), or combine both (~18% relief)."
DT-237,13,126.0575487347273,100.04567359898992,126,CRITICAL,10.0,8,18,"To move from CRITICAL to HIGH: delay 10 users by 2h, or add nearest vetted public site (~8% relief), or combine both (~18% relief)."
DT-237,18,126.45392190157793,100.36025547744279,126,CRITICAL,10.0,8,18,"To move from CRITICAL to HIGH: delay 10 users by 2h, or add nearest vetted public site (~8% relief), or combine both (~18% relief)."
DT-237,22,137.84859216501292,109.40364457540709,126,CRITICAL,11.0,8,18,"To move from CRITICAL to HIGH: delay 11 users by 2h, or add nearest vetted public site (~8% relief), or combine both (~18% relief)."
DT-237,23,130.64639095337378,103.68761186775697,126,CRITICAL,10.0,8,18,"To move from CRITICAL to HIGH: delay 10 users by 2h, or add nearest vetted public site (~8% relief), or combine both (~18% relief)."
DT-238,22,112.58371124770102,156.36626562180697,72,CRITICAL,37.0,8,18,"To move from CRITICAL to HIGH: delay 37 users by 2h, or add nearest vetted public site (~8% relief), or combine both (~18% relief)."
DT-239,7,78.69595288684316,102.20253621667943,77,CRITICAL,10.0,8,18,"To move from CRITICAL to HIGH: delay 10 users by 2h, or add nearest vetted public site (~8% relief), or combine both (~18% relief)."
DT-239,8,79.02637829431336,102.63166012248489,77,CRITICAL,10.0,8,18,"To move from CRITICAL to HIGH: delay 10 users by 2h, or add nearest vetted public site (~8% relief), or combine both (~18% relief)."
DT-239,9,83.6582473495674,108.64707447995768,77,CRITICAL,11.0,8,18,"To move from CRITICAL to HIGH: delay 11 users by 2h, or add nearest vetted public site (~8% relief), or combine both (~18% relief)."
DT-239,11,82.64442839644418,107.33042648888855,77,CRITICAL,10.0,8,18,"To move from CRITICAL to HIGH: delay 10 users by 2h, or add nearest vetted public site (~8% relief), or combine both (~18% relief)."
DT-239,13,79.97691862461711,103.86612808391833,77,CRITICAL,10.0,8,18,"To move from CRITICAL to HIGH: delay 10 users by 2h, or add nearest vetted public site (~8% relief), or combine both (~18% relief)."
DT-239,14,80.17358163972932,104.12153459705107,77,CRITICAL,10.0,8,18,"To move from CRITICAL to HIGH: delay 10 users by 2h, or add nearest vetted public site (~8% relief), or combine both (~18% relief)."
DT-239,15,77.46729992544181,100.60688302005428,77,CRITICAL,10.0,8,18,"To move from CRITICAL to HIGH: delay 10 users by 2h, or add nearest vetted public site (~8% relief), or combine both (~18% relief)."
DT-239,16,82.97512774114605,107.75990615733255,77,CRITICAL,10.0,8,18,"To move from CRITICAL to HIGH: delay 10 users by 2h, or add nearest vetted public site (~8% relief), or combine both (~18% relief)."
DT-239,18,84.12531243707119,109.25365251567686,77,CRITICAL,11.0,8,18,"To move from CRITICAL to HIGH: delay 11 users by 2h, or add nearest vetted public site (~8% relief), or combine both (~18% relief)."
DT-239,19,83.24471599230966,108.11002076923333,77,CRITICAL,11.0,8,18,"To move from CRITICAL to HIGH: delay 11 users by 2h, or add nearest vetted public site (~8% relief), or combine both (~18% relief)."
DT-239,20,85.04886386005427,110.45306994812242,77,CRITICAL,12.0,8,18,"To move from CRITICAL to HIGH: delay 12 users by 2h, or add nearest vetted public site (~8% relief), or combine both (~18% relief)."
DT-239,22,108.32216965186018,140.67814240501323,77,CRITICAL,29.0,8,18,"To move from CRITICAL to HIGH: delay 29 users by 2h, or add nearest vetted public site (~8% relief), or combine both (~18% relief)."
DT-239,23,77.71396512749577,100.92722743830619,77,CRITICAL,10.0,8,18,"To move from CRITICAL to HIGH: delay 10 users by 2h, or add nearest vetted public site (~8% relief), or combine both (~18% relief)."
DT-240,7,98.65296475134662,106.07845672187807,93,CRITICAL,10.0,8,18,"To move from CRITICAL to HIGH: delay 10 users by 2h, or add nearest vetted public site (~8% relief), or combine both (~18% relief)."
DT-240,8,94.46352568782852,101.57368353529948,93,CRITICAL,10.0,8,18,"To move from CRITICAL to HIGH: delay 10 users by 2h, or add nearest vetted public site (~8% relief), or combine both (~18% relief)."
DT-240,9,93.36899114186845,100.39676466867574,93,CRITICAL,10.0,8,18,"To move from CRITICAL to HIGH: delay 10 users by 2h, or add nearest vetted public site (~8% relief), or combine both (~18% relief)."
DT-240,12,93.2468561122393,100.2654366798272,93,CRITICAL,10.0,8,18,"To move from CRITICAL to HIGH: delay 10 users by 2h, or add nearest vetted public site (~8% relief), or combine both (~18% relief)."
DT-240,18,103.27986026388098,111.0536131869688,93,CRITICAL,12.0,8,18,"To move from CRITICAL to HIGH: delay 12 users by 2h, or add nearest vetted public site (~8% relief), or combine both (~18% relief)."
DT-240,19,106.0507223955316,114.03303483390494,93,CRITICAL,14.0,8,18,"To move from CRITICAL to HIGH: delay 14 users by 2h, or add nearest vetted public site (~8% relief), or combine both (~18% relief)."
DT-240,20,101.93508933682116,109.60762294281845,93,CRITICAL,11.0,8,18,"To move from CRITICAL to HIGH: delay 11 users by 2h, or add nearest vetted public site (~8% relief), or combine both (~18% relief)."
DT-240,22,130.55078145637447,140.37718436169297,93,CRITICAL,28.0,8,18,"To move from CRITICAL to HIGH: delay 28 users by 2h, or add nearest vetted public site (~8% relief), or combine both (~18% relief)."
DT-240,23,94.1072653339171,101.19060788593237,93,CRITICAL,10.0,8,18,"To move from CRITICAL to HIGH: delay 10 users by 2h, or add nearest vetted public site (~8% relief), or combine both (~18% relief)."
DT-242,22,132.08058178779953,101.60044752907656,130,CRITICAL,10.0,8,18,"To move from CRITICAL to HIGH: delay 10 users by 2h, or add nearest vetted public site (~8% relief), or combine both (~18% relief)."
DT-243,22,128.57062595991675,106.2567156693527,121,CRITICAL,10.0,8,18,"To move from CRITICAL to HIGH: delay 10 users by 2h, or add nearest vetted public site (~8% relief), or combine both (~18% relief)."
DT-245,8,80.61871479761693,102.04900607293283,79,CRITICAL,10.0,8,18,"To move from CRITICAL to HIGH: delay 10 users by 2h, or add nearest vetted public site (~8% relief), or combine both (~18% relief)."
DT-245,14,88.87115920564877,112.49513823499844,79,CRITICAL,13.0,8,18,"To move from CRITICAL to HIGH: delay 13 users by 2h, or add nearest vetted public site (~8% relief), or combine both (~18% relief)."
DT-245,18,80.8518692293932,102.3441382650547,79,CRITICAL,10.0,8,18,"To move from CRITICAL to HIGH: delay 10 users by 2h, or add nearest vetted public site (~8% relief), or combine both (~18% relief)."
DT-245,22,115.91458860039427,146.72732734227122,79,CRITICAL,32.0,8,18,"To move from CRITICAL to HIGH: delay 32 users by 2h, or add nearest vetted public site (~8% relief), or combine both (~18% relief)."
DT-247,1,88.3388797987265,105.16533309372203,84,CRITICAL,10.0,8,18,"To move from CRITICAL to HIGH: delay 10 users by 2h, or add nearest vetted public site (~8% relief), or combine both (~18% relief)."
DT-247,6,84.39783020717299,100.47360738949166,84,CRITICAL,10.0,8,18,"To move from CRITICAL to HIGH: delay 10 users by 2h, or add nearest vetted public site (~8% relief), or combine both (~18% relief)."
DT-247,8,95.75066405464037,113.98888577933377,84,CRITICAL,14.0,8,18,"To move from CRITICAL to HIGH: delay 14 users by 2h, or add nearest vetted public site (~8% relief), or combine both (~18% relief)."
DT-247,10,86.7046663450331,103.21984088694418,84,CRITICAL,10.0,8,18,"To move from CRITICAL to HIGH: delay 10 users by 2h, or add nearest vetted public site (~8% relief), or combine both (~18% relief)."
DT-247,13,89.96344912637534,107.0993441980659,84,CRITICAL,10.0,8,18,"To move from CRITICAL to HIGH: delay 10 users by 2h, or add nearest vetted public site (~8% relief), or combine both (~18% relief)."
DT-247,15,88.66414118708695,105.55254903224638,84,CRITICAL,10.0,8,18,"To move from CRITICAL to HIGH: delay 10 users by 2h, or add nearest vetted public site (~8% relief), or combine both (~18% relief)."
DT-247,18,96.7442132707047,115.17168246512466,84,CRITICAL,14.0,8,18,"To move from CRITICAL to HIGH: delay 14 users by 2h, or add nearest vetted public site (~8% relief), or combine both (~18% relief)."
DT-247,19,88.05683940734835,104.82957072303374,84,CRITICAL,10.0,8,18,"To move from CRITICAL to HIGH: delay 10 users by 2h, or add nearest vetted public site (~8% relief), or combine both (~18% relief)."
DT-247,20,88.05189344621365,104.82368267406387,84,CRITICAL,10.0,8,18,"To move from CRITICAL to HIGH: delay 10 users by 2h, or add nearest vetted public site (~8% relief), or combine both (~18% relief)."
DT-247,22,127.19773416492012,151.42587400585728,84,CRITICAL,35.0,8,18,"To move from CRITICAL to HIGH: delay 35 users by 2h, or add nearest vetted public site (~8% relief), or combine both (~18% relief)."
